x,y,z,rx,ry,rz
-0.35167499999999996,0.57,1.3252125,0,0,0
-0.3246875,0.57,0.8569,0,0,0
-0.1627625,0.57,0.8394375000000001,0,0,0
-0.1627625,0.57,1.3474375,0,0,0
-0.319925,0.57,1.3204500000000001,0,0,0
-0.3500875,0.57,0.8616625,0,0,0
-0.275475,0.57,0.83785,0,0,0
-0.28023750000000003,0.57,1.3490250000000001,0,0,0
-0.2484875,0.57,1.3490250000000001,0,0,0
-0.243725,0.57,0.83785,0,0,0
-0.1627625,0.57,0.8442,0,0,0
-0.1627625,0.57,1.3426749999999998,0,0,0
